id,firstname,lastname,email,gender,city,state,phone,pin
10001,Orlando,Flatley-Veum,Orlando_Flatley-Veum@gmail.com,male,Murphyboro,South Carolina,+1 (217) 198-0340,3439
10002,Verna,Paucek,Verna27@yahoo.com,female,Kayceechester,Delaware,+1 (712) 116-2207,984
10003,Cynthia,Nolan,Cynthia12@gmail.com,female,Moreno Valley,Texas,+1 (311) 961-7236,3924
10004,Morris,McGlynn,Morris_McGlynn89@gmail.com,male,Dibbertborough,Alaska,+1 (436) 438-1272,2384
10005,Wilma,Carter,Wilma50@hotmail.com,female,Joanyberg,Idaho,+1 (168) 271-7969,7541
10006,Elsa,Labadie-Hilll,Elsa.Labadie-Hilll73@yahoo.com,female,Josiannestead,New Mexico,+1 (238) 173-7541,8439
10007,Renee,Batz,Renee_Batz@gmail.com,female,Stokesboro,Kentucky,+1 (549) 909-1181,8867
10008,Marvin,Miller,Marvin37@gmail.com,male,Alessiaworth,Wyoming,+1 (715) 624-5513,1773
10009,Gregg,Keeling,Gregg.Keeling@yahoo.com,male,West Myrlstead,New York,+1 (791) 717-0474,2981
10010,Traci,Kautzer,Traci13@yahoo.com,female,Petaluma,Oregon,+1 (217) 831-0071,6053
10011,Margaret,Vandervort-Casper,Margaret_Vandervort-Casper@yahoo.com,female,Grimesside,Texas,+1 (761) 629-7124,9651
10012,Raquel,McDermott,Raquel.McDermott94@hotmail.com,female,O'Fallon,Florida,+1 (236) 838-7532,451
10013,Esther,Zulauf,Esther.Zulauf61@yahoo.com,female,Port Gwenmouth,Utah,+1 (210) 539-3486,897
10014,Ismael,Johns,Ismael_Johns75@yahoo.com,male,Fort Colleenbury,South Dakota,+1 (748) 621-8521,9966
10015,Herbert,Tremblay,Herbert78@gmail.com,male,Port Camrentown,Oklahoma,+1 (661) 425-6598,6332
10016,Simon,Erdman-Kautzer,Simon_Erdman-Kautzer98@hotmail.com,male,Bethlehem,Hawaii,+1 (683) 103-0326,9502
10017,Leon,Wiza,Leon.Wiza20@hotmail.com,male,Placentia,Louisiana,+1 (596) 657-1527,8170
10018,Marilyn,Ryan,Marilyn.Ryan16@gmail.com,female,North Gerson,Kansas,+1 (751) 323-0919,9957
10019,Marshall,Harvey,Marshall88@hotmail.com,male,Port Rosendoview,Hawaii,+1 (228) 577-6361,6315
10020,Adrienne,Ratke,Adrienne.Ratke39@gmail.com,female,Lynnmouth,Missouri,+1 (239) 626-0443,2658
10021,Winifred,Schinner,Winifred.Schinner5@gmail.com,female,Lake America,Texas,+1 (298) 217-0382,993
10022,Jeffrey,Botsford,Jeffrey.Botsford@hotmail.com,male,Freeport,Minnesota,+1 (838) 444-5564,5195
10023,Tyler,Wisozk,Tyler40@yahoo.com,male,Port Cicero,California,+1 (318) 730-2238,2779
10024,Jeanne,Wilkinson,Jeanne12@hotmail.com,female,South Adaline,Wisconsin,+1 (804) 544-8923,7539
10025,Kelley,Larkin,Kelley.Larkin@hotmail.com,female,Findlay,South Carolina,+1 (658) 982-3233,9025
10026,Rhonda,Labadie,Rhonda.Labadie@yahoo.com,female,Skilesboro,Vermont,+1 (591) 304-3818,9726
10027,Luke,Graham,Luke.Graham23@gmail.com,male,Pfefferport,Arkansas,+1 (197) 313-4355,1595
10028,Otis,Blanda,Otis65@yahoo.com,male,North Lonie,New Jersey,+1 (546) 972-2912,8117
10029,Alicia,Smith,Alicia73@yahoo.com,female,West Bofield,Arizona,+1 (517) 899-2483,7118
10030,Rick,Braun,Rick5@gmail.com,male,Fort Adolphus,Washington,+1 (784) 157-1251,2752
10031,Shawn,Prohaska-Walsh,Shawn.Prohaska-Walsh7@yahoo.com,male,Carmel,Delaware,+1 (526) 989-6490,6293
10032,Evan,Kassulke,Evan26@hotmail.com,male,Williamsoncester,Wyoming,+1 (874) 117-0023,5519
10033,Sabrina,Howell,Sabrina11@yahoo.com,female,Draper,Mississippi,+1 (639) 208-9645,9089
10034,Billy,Bruen,Billy64@hotmail.com,male,Naperville,Iowa,+1 (860) 649-7570,7464
10035,Dave,Armstrong,Dave11@gmail.com,male,Port Pinkieworth,North Dakota,+1 (805) 219-0337,5842
10036,Dorothy,Purdy,Dorothy95@gmail.com,female,Champlinboro,Georgia,+1 (357) 278-2218,1850
10037,Wallace,Johnson,Wallace51@gmail.com,male,Schusterstad,Idaho,+1 (837) 781-9358,5476
10038,Edna,Bartoletti-Treutel,Edna.Bartoletti-Treutel@yahoo.com,female,Parkerchester,Louisiana,+1 (096) 633-1584,1958
10039,Blake,Bradtke,Blake24@gmail.com,male,South Virgieton,Illinois,+1 (665) 896-9615,331
10040,Jeff,Zboncak,Jeff_Zboncak@hotmail.com,male,Tressastead,Utah,+1 (166) 404-6953,2303
10041,Bridget,Brekke,Bridget2@gmail.com,female,St. Peters,Hawaii,+1 (290) 651-7939,2527
10042,Minnie,Powlowski,Minnie.Powlowski@hotmail.com,female,Spring Valley,Montana,+1 (112) 621-7500,1983
10043,Courtney,Welch,Courtney.Welch@gmail.com,male,New Nolan,Wisconsin,+1 (967) 469-7736,6378
10044,Boyd,Swaniawski,Boyd41@gmail.com,male,Chelsieworth,Virginia,+1 (939) 695-1964,1188
10045,Ed,Renner,Ed.Renner90@gmail.com,male,Port St. Lucie,Maine,+1 (157) 434-2306,1574
10046,Reginald,Macejkovic,Reginald_Macejkovic@yahoo.com,male,West Aliyashire,Alaska,+1 (362) 436-0778,2115
10047,Antonia,Pagac,Antonia.Pagac@gmail.com,female,Trevaberg,Arkansas,+1 (149) 976-6987,9095
10048,Edmond,Stroman,Edmond.Stroman33@yahoo.com,male,South Arch,Massachusetts,+1 (223) 383-9844,3595
10049,Joseph,Kunze,Joseph.Kunze34@gmail.com,male,West New York,South Dakota,+1 (206) 912-6068,7059
10050,Clayton,Moore,Clayton_Moore23@yahoo.com,male,Huntington,Texas,+1 (833) 036-1309,6161
10051,Jorge,Doyle,Jorge_Doyle@hotmail.com,male,Port Brown,Tennessee,+1 (887) 992-8031,1094
10052,Adrian,Stehr,Adrian.Stehr@hotmail.com,male,Novellaworth,Wisconsin,+1 (951) 650-2841,9849
10053,Leslie,Shanahan,Leslie87@yahoo.com,female,Fort Cordiachester,Alabama,+1 (428) 311-4180,3938
10054,Clay,Rippin,Clay.Rippin82@yahoo.com,male,Fort Herthacester,Idaho,+1 (773) 634-5669,701
10055,Frankie,Botsford,Frankie62@yahoo.com,male,Richardson,Pennsylvania,+1 (162) 982-6691,2903
10056,Pearl,Schowalter,Pearl.Schowalter@yahoo.com,female,Hendersonville,Indiana,+1 (505) 119-6859,1831
10057,Marco,McCullough,Marco_McCullough10@gmail.com,male,Daphneefield,New Mexico,+1 (158) 320-3308,2891
10058,Jenny,Little,Jenny.Little@hotmail.com,female,New Brunswick,Oklahoma,+1 (412) 134-0823,3071
10059,Arnold,Armstrong,Arnold45@yahoo.com,male,Fort Bertram,Montana,+1 (749) 911-9186,6350
10060,Iris,Rowe,Iris_Rowe@hotmail.com,female,Lake Harley,Missouri,+1 (957) 344-6372,1995
10061,Tracy,Pacocha,Tracy.Pacocha90@yahoo.com,male,Delray Beach,Michigan,+1 (686) 066-4702,8691
10062,Billie,Brakus,Billie78@gmail.com,female,Lake Dionport,Massachusetts,+1 (147) 393-0793,5668
10063,Kerry,Langosh,Kerry.Langosh@hotmail.com,female,Halborough,New Jersey,+1 (735) 156-4071,8874
10064,Delbert,Smitham-Reilly,Delbert_Smitham-Reilly@hotmail.com,male,Lake Bernadineborough,Oklahoma,+1 (499) 498-1199,3531
10065,Kelly,Skiles,Kelly_Skiles@hotmail.com,female,O'Konborough,Wyoming,+1 (415) 757-7175,1546
10066,Luis,Mayer,Luis_Mayer19@gmail.com,male,Strosinburgh,Idaho,+1 (353) 073-2539,3079
10067,Kelly,Wintheiser,Kelly_Wintheiser@hotmail.com,female,Muellerboro,Texas,+1 (003) 485-2739,6403
10068,Rickey,Gusikowski-Wunsch,Rickey_Gusikowski-Wunsch@yahoo.com,male,Danaberg,Pennsylvania,+1 (413) 979-8696,2024
10069,Jeannette,Yundt,Jeannette51@gmail.com,female,Galveston,Virginia,+1 (578) 340-2268,3995
10070,Hannah,Pollich,Hannah_Pollich92@yahoo.com,female,Wilfridburgh,Michigan,+1 (916) 976-3301,5425
10071,Wilbert,Watsica,Wilbert_Watsica54@yahoo.com,male,Walterland,Kansas,+1 (465) 022-9310,6246
10072,Tamara,Kohler,Tamara94@hotmail.com,female,Tuckahoe,South Dakota,+1 (740) 742-4922,128
10073,Doug,Nolan,Doug.Nolan47@hotmail.com,male,Huntington,South Dakota,+1 (637) 496-6056,480
10074,Randy,Blanda,Randy12@hotmail.com,male,Kautzerview,South Dakota,+1 (918) 400-7107,7982
10075,Charlie,Wuckert,Charlie46@hotmail.com,male,North Jody,South Dakota,+1 (214) 975-3832,4390
10076,Henry,Cummings,Henry81@gmail.com,male,Fort Carey,Tennessee,+1 (564) 080-2852,9121
10077,Lewis,Kshlerin,Lewis_Kshlerin@yahoo.com,male,Jenkinsbury,Connecticut,+1 (049) 993-1991,1735
10078,Lee,Graham,Lee.Graham@hotmail.com,female,Doral,Nebraska,+1 (228) 415-1438,1265
10079,Roberto,Olson,Roberto63@yahoo.com,male,Fort Maudworth,Illinois,+1 (978) 344-8542,7189
10080,Andrea,Hagenes-Rath,Andrea_Hagenes-Rath12@hotmail.com,female,New Lizethview,New York,+1 (883) 739-3610,1152
10081,Verna,Yundt,Verna.Yundt88@hotmail.com,female,Anjaliberg,Montana,+1 (299) 387-3305,8175
10082,Jeremiah,Anderson,Jeremiah.Anderson85@hotmail.com,male,Arcadia,Arkansas,+1 (374) 900-9896,9310
10083,Gwendolyn,Swaniawski,Gwendolyn.Swaniawski27@gmail.com,female,South Demondworth,Vermont,+1 (996) 423-8322,7025
10084,Tony,Franecki,Tony_Franecki94@gmail.com,male,Daronport,New Hampshire,+1 (639) 929-2697,131
10085,Pablo,Upton,Pablo_Upton@hotmail.com,male,Einoboro,Wyoming,+1 (826) 945-7034,1528
10086,Betsy,Runolfsson,Betsy18@hotmail.com,female,Coltstad,Delaware,+1 (215) 505-7476,4699
10087,Dwayne,O'Keefe,Dwayne84@gmail.com,male,Lake Dillanside,Pennsylvania,+1 (252) 688-3376,4682
10088,Kirk,Halvorson,Kirk_Halvorson@yahoo.com,male,East Curtcester,Nebraska,+1 (582) 319-6957,4673
10089,Seth,Howe,Seth.Howe@gmail.com,male,Riverside,Delaware,+1 (961) 827-3030,531
10090,Vera,Pouros,Vera_Pouros5@gmail.com,female,East Herminaview,Minnesota,+1 (541) 048-4807,2221
10091,Lynette,Lueilwitz-Ziemann,Lynette38@yahoo.com,female,New Douglas,Utah,+1 (618) 338-0998,6863
10092,Alan,Ruecker,Alan_Ruecker@hotmail.com,male,South Candelario,Montana,+1 (104) 642-6228,1065
10093,Lena,Pfeffer,Lena_Pfeffer55@gmail.com,female,Earnestineville,South Dakota,+1 (162) 708-3585,4903
10094,Gilberto,Kemmer,Gilberto6@hotmail.com,male,Lodi,New Hampshire,+1 (796) 445-3309,1529
10095,Marianne,Klocko,Marianne.Klocko@hotmail.com,female,Miami Beach,Arizona,+1 (496) 135-1903,1453
10096,Jill,Schuster,Jill_Schuster51@hotmail.com,female,Windlerville,Tennessee,+1 (041) 470-4124,5316
10097,Sherry,Schimmel,Sherry_Schimmel85@hotmail.com,female,Champlincester,Massachusetts,+1 (892) 940-0808,2751
10098,Lynn,Wiza,Lynn.Wiza@yahoo.com,male,Chula Vista,South Carolina,+1 (231) 143-3759,8690
10099,Sean,Lockman,Sean14@yahoo.com,male,South Oda,Alabama,+1 (872) 628-7626,7457
10100,Steven,McClure,Steven9@yahoo.com,male,Fort Keithville,Mississippi,+1 (869) 334-5480,7097
